"","Repoduction Limit","Food Quality","Burn Rate","Birth Penalty","Population","Food Quantity"
"Repoduction Limit",1,-0.226020813012783,-0.241448414660827,-0.396631310840528,-0.108498412821062,-0.181112348220111
"Food Quality",-0.226020813012783,1,-0.205064865525356,0.918681317129184,0.280892563775336,-0.336933846415116
"Burn Rate",-0.241448414660827,-0.205064865525356,1,-0.0988872333262068,-0.0575599989662989,0.596412234848843
"Birth Penalty",-0.396631310840528,0.918681317129184,-0.0988872333262068,1,0.292768291464292,-0.227328908429944
"Population",-0.108498412821062,0.280892563775336,-0.0575599989662989,0.292768291464292,1,-0.148233488675969
"Food Quantity",-0.181112348220111,-0.336933846415116,0.596412234848843,-0.227328908429944,-0.148233488675969,1
