"","Repoduction Limit","Food Quality","Burn Rate","Birth Penalty"
"Repoduction Limit",1,-0.226020813012783,-0.241448414660827,-0.396631310840528
"Food Quality",-0.226020813012783,1,-0.205064865525356,0.918681317129184
"Burn Rate",-0.241448414660827,-0.205064865525356,1,-0.0988872333262068
"Birth Penalty",-0.396631310840528,0.918681317129184,-0.0988872333262068,1
